Class Label,File Name
1,1001.jpg
1,1002.jpg
1,1003.jpg
1,1004.jpg
1,1005.jpg
1,1006.jpg
1,1007.jpg
1,1008.jpg
1,1009.jpg
1,10010.jpg
1,10011.jpg
1,10012.jpg
1,10013.jpg
1,10014.jpg
1,10015.jpg
1,10016.jpg
1,10017.jpg
1,10018.jpg
1,10019.jpg
1,10020.jpg
1,10021.jpg
1,10022.jpg
1,10023.jpg
1,10024.jpg
1,10025.jpg
1,10026.jpg
1,10027.jpg
1,10028.jpg
1,10029.jpg
1,10030.jpg
1,10031.jpg
1,10032.jpg
1,10033.jpg
1,10034.jpg
1,10035.jpg
1,10036.jpg
1,10037.jpg
1,10038.jpg
1,10039.jpg
1,10040.jpg
0,2001.jpg
0,2002.jpg
0,2003.jpg
0,2004.jpg
0,2005.jpg
0,2006.jpg
0,2007.jpg
0,2008.jpg
0,2009.jpg
0,20010.jpg
0,20011.jpg
0,20012.jpg
0,20013.jpg
0,20014.jpg
0,20015.jpg
0,20016.jpg
0,20017.jpg
0,20018.jpg
0,20019.jpg
0,20020.jpg
0,20021.jpg
0,20022.jpg
0,20023.jpg
0,20024.jpg
0,20025.jpg
0,20026.jpg
0,20027.jpg
0,20028.jpg
0,20029.jpg
0,20030.jpg
0,20031.jpg
0,20032.jpg
0,20033.jpg
0,20034.jpg
0,20035.jpg
0,20036.jpg
0,20037.jpg
0,20038.jpg
0,20039.jpg
0,20040.jpg
1,10003865.jpg
1,10003866.jpg
1,10003867.jpg
1,10003868.jpg
1,10003869.jpg
1,10003870.jpg
1,10003871.jpg
1,10003872.jpg
1,10003873.jpg
1,10003874.jpg
1,10003875.jpg
1,10003876.jpg
1,10003877.jpg
1,10003878.jpg
1,10003879.jpg
1,10003880.jpg
1,10003881.jpg
1,10003882.jpg
1,10003883.jpg
1,10003884.jpg
1,10003885.jpg
1,10003886.jpg
1,10003887.jpg
1,10003888.jpg
1,10003889.jpg
1,10003890.jpg
1,10003891.jpg
1,10003892.jpg
1,10003893.jpg
1,10003894.jpg
1,10003895.jpg
1,10003896.jpg
1,10003897.jpg
1,10003898.jpg
1,10003899.jpg
1,10003900.jpg
1,10003901.jpg
1,10003902.jpg
1,10003903.jpg
1,10003904.jpg
1,10003905.jpg
1,10003906.jpg
1,10003907.jpg
1,10003908.jpg
1,10003909.jpg
1,10003910.jpg
1,10003911.jpg
1,10003912.jpg
1,10003913.jpg
1,10003914.jpg
1,10003915.jpg
1,10003916.jpg
1,10003917.jpg
1,10003918.jpg
1,10003919.jpg
1,10003920.jpg
1,10003921.jpg
1,10003922.jpg
1,10003923.jpg
1,10003924.jpg
1,10003925.jpg
1,10003926.jpg
1,10003927.jpg
1,10003928.jpg
1,10003929.jpg
1,10003930.jpg
1,10003931.jpg
1,10003932.jpg
1,10003933.jpg
1,10003934.jpg
1,10003935.jpg
1,10003936.jpg
1,10003937.jpg
1,10003938.jpg
1,10003939.jpg
1,10003940.jpg
1,10003941.jpg
1,10003942.jpg
1,10003943.jpg
1,10003944.jpg
1,10003945.jpg
1,10003946.jpg
1,10003947.jpg
1,10003948.jpg
1,10003949.jpg
1,10003950.jpg
1,10003951.jpg
1,10003952.jpg
1,10003953.jpg
1,10003954.jpg
1,10003955.jpg
1,10003956.jpg
1,10003957.jpg
1,10003958.jpg
1,10003959.jpg
1,10003960.jpg
1,10003961.jpg
1,10003962.jpg
1,10003963.jpg
1,10003964.jpg
1,10003965.jpg
1,10003966.jpg
1,10003967.jpg
1,10003968.jpg
1,10003969.jpg
1,10003970.jpg
1,10003971.jpg
1,10003972.jpg
1,10003973.jpg
1,10003974.jpg
1,10003975.jpg
1,10003976.jpg
1,10003977.jpg
1,10003978.jpg
1,10003979.jpg
1,10003980.jpg
1,10003981.jpg
1,10003982.jpg
1,10003983.jpg
1,10003984.jpg
1,10003985.jpg
1,10003986.jpg
1,10003987.jpg
1,10003988.jpg
1,10003989.jpg
1,10003990.jpg
1,10003991.jpg
1,10003992.jpg
1,10003993.jpg
1,10003994.jpg
1,10003995.jpg
1,10003996.jpg
1,10003997.jpg
1,10003998.jpg
1,10003999.jpg
1,10004000.jpg
1,10004001.jpg
1,10004002.jpg
1,10004003.jpg
1,10004004.jpg
1,10004005.jpg
1,10004006.jpg
1,10004007.jpg
1,10004008.jpg
1,10004009.jpg
1,10004010.jpg
1,10004011.jpg
1,10004012.jpg
1,10004013.jpg
1,10004014.jpg
1,10004015.jpg
1,10004016.jpg
1,10004017.jpg
1,10004018.jpg
1,10004019.jpg
1,10004020.jpg
1,10004021.jpg
1,10004022.jpg
1,10004023.jpg
1,10004024.jpg
1,10004025.jpg
1,10004026.jpg
1,10004027.jpg
1,10004028.jpg
1,10004029.jpg
1,10004030.jpg
1,10004031.jpg
1,10004032.jpg
1,10004033.jpg
1,10004034.jpg
1,10004035.jpg
1,10004036.jpg
1,10004037.jpg
1,10004038.jpg
1,10004039.jpg
1,10004040.jpg
1,10004041.jpg
1,10004042.jpg
1,10004043.jpg
1,10004044.jpg
1,10004045.jpg
1,10004046.jpg
1,10004047.jpg
1,10004048.jpg
1,10004049.jpg
1,10004050.jpg
1,10004051.jpg
1,10004052.jpg
1,10004053.jpg
1,10004054.jpg
1,10004055.jpg
1,10004056.jpg
1,10004057.jpg
1,10004058.jpg
1,10004059.jpg
1,10004060.jpg
1,10004061.jpg
1,10004062.jpg
1,10004063.jpg
1,10004064.jpg
1,10004065.jpg
1,10004066.jpg
1,10004067.jpg
1,10004068.jpg
1,10004069.jpg
1,10004070.jpg
1,10004071.jpg
1,10004072.jpg
1,10004073.jpg
1,10004074.jpg
1,10004075.jpg
1,10004076.jpg
1,10004077.jpg
1,10004078.jpg
1,10004079.jpg
1,10004080.jpg
1,10004081.jpg
1,10004082.jpg
1,10004083.jpg
1,10004084.jpg
1,10004085.jpg
1,10004086.jpg
1,10004087.jpg
1,10004088.jpg
1,10004089.jpg
1,10004090.jpg
1,10004091.jpg
1,10004092.jpg
1,10004093.jpg
1,10004094.jpg
1,10004095.jpg
1,10004096.jpg
1,10004097.jpg
1,10004098.jpg
1,10004099.jpg
1,10004100.jpg
1,10004101.jpg
1,10004102.jpg
1,10004103.jpg
1,10004104.jpg
1,10004105.jpg
1,10004106.jpg
1,10004107.jpg
1,10004108.jpg
1,10004109.jpg
1,10004110.jpg
1,10004111.jpg
1,10004112.jpg
1,10004113.jpg
1,10004114.jpg
1,10004115.jpg
1,10004116.jpg
1,10004117.jpg
1,10004118.jpg
1,10004119.jpg
1,10004120.jpg
1,10004121.jpg
1,10004122.jpg
1,10004123.jpg
1,10004124.jpg
1,10004125.jpg
1,10004126.jpg
1,10004127.jpg
1,10004128.jpg
1,10004129.jpg
1,10004130.jpg
1,10004131.jpg
1,10004132.jpg
1,10004133.jpg
1,10004134.jpg
1,10004135.jpg
1,10004136.jpg
1,10004137.jpg
1,10004138.jpg
1,10004139.jpg
1,10004140.jpg
1,10004141.jpg
1,10004142.jpg
1,10004143.jpg
1,10004144.jpg
1,10004145.jpg
1,10004146.jpg
1,10004147.jpg
1,10004148.jpg
1,10004149.jpg
1,10004150.jpg
1,10004151.jpg
1,10004152.jpg
1,10004153.jpg
1,10004154.jpg
1,10004155.jpg
1,10004156.jpg
1,10004157.jpg
1,10004158.jpg
1,10004159.jpg
1,10004160.jpg
1,10004161.jpg
1,10004162.jpg
1,10004163.jpg
1,10004164.jpg
1,10004165.jpg
1,10004166.jpg
1,10004167.jpg
1,10004168.jpg
1,10004169.jpg
1,10004170.jpg
1,10004171.jpg
1,10004172.jpg
1,10004173.jpg
1,10004174.jpg
1,10004175.jpg
1,10004176.jpg
1,10004177.jpg
1,10004178.jpg
1,10004179.jpg
1,10004180.jpg
1,10004181.jpg
1,10004182.jpg
1,10004183.jpg
1,10004184.jpg
1,10004185.jpg
1,10004186.jpg
1,10004187.jpg
1,10004188.jpg
1,10004189.jpg
1,10004190.jpg
1,10004191.jpg
1,10004192.jpg
1,10004193.jpg
1,10004194.jpg
1,10004195.jpg
1,10004196.jpg
1,10004197.jpg
1,10004198.jpg
1,10004199.jpg
1,10004200.jpg
1,10004201.jpg
1,10004202.jpg
1,10004203.jpg
1,10004204.jpg
1,10004205.jpg
1,10004206.jpg
1,10004207.jpg
1,10004208.jpg
1,10004209.jpg
1,10004210.jpg
1,10004211.jpg
1,10004212.jpg
1,10004213.jpg
1,10004214.jpg
1,10004215.jpg
1,10004216.jpg
1,10004217.jpg
1,10004218.jpg
1,10004219.jpg
1,10004220.jpg
1,10004221.jpg
1,10004222.jpg
1,10004223.jpg
1,10004224.jpg
1,10004225.jpg
1,10004226.jpg
1,10004227.jpg
1,10004228.jpg
1,10004229.jpg
1,10004230.jpg
1,10004231.jpg
1,10004232.jpg
1,10004233.jpg
1,10004234.jpg
1,10004235.jpg
1,10004236.jpg
1,10004237.jpg
1,10004238.jpg
1,10004239.jpg
1,10004240.jpg
1,10004241.jpg
1,10004242.jpg
1,10004243.jpg
1,10004244.jpg
1,10004245.jpg
1,10004246.jpg
1,10004247.jpg
1,10004248.jpg
1,10004249.jpg
1,10004250.jpg
1,10004251.jpg
1,10004252.jpg
1,10004253.jpg
1,10004254.jpg
1,10004255.jpg
1,10004256.jpg
1,10004257.jpg
1,10004258.jpg
1,10004259.jpg
1,10004260.jpg
1,10004261.jpg
1,10004262.jpg
1,10004263.jpg
1,10004264.jpg
1,10004265.jpg
1,10004266.jpg
1,10004267.jpg
1,10004268.jpg
1,10004269.jpg
1,10004270.jpg
1,10004271.jpg
1,10004272.jpg
1,10004273.jpg
1,10004274.jpg
1,10004275.jpg
1,10004276.jpg
1,10004277.jpg
1,10004278.jpg
1,10004279.jpg
1,10004280.jpg
1,10004281.jpg
1,10004282.jpg
1,10004283.jpg
1,10004284.jpg
1,10004285.jpg
1,10004286.jpg
1,10004287.jpg
1,10004288.jpg
1,10004289.jpg
1,10004290.jpg
1,10004291.jpg
1,10004292.jpg
1,10004293.jpg
1,10004294.jpg
1,10004295.jpg
1,10004296.jpg
1,10004297.jpg
1,10004298.jpg
1,10004299.jpg
1,10004300.jpg
1,10004301.jpg
1,10004302.jpg
1,10004303.jpg
1,10004304.jpg
1,10004305.jpg
1,10004306.jpg
1,10004307.jpg
1,10004308.jpg
1,10004309.jpg
1,10004310.jpg
1,10004311.jpg
1,10004312.jpg
1,10004313.jpg
1,10004314.jpg
1,10004315.jpg
1,10004316.jpg
1,10004317.jpg
1,10004318.jpg
1,10004319.jpg
1,10004320.jpg
1,10004321.jpg
1,10004322.jpg
1,10004323.jpg
1,10004324.jpg
1,10004325.jpg
1,10004326.jpg
1,10004327.jpg
1,10004328.jpg
1,10004329.jpg
1,10004330.jpg
1,10004331.jpg
1,10004332.jpg
1,10004333.jpg
1,10004334.jpg
1,10004335.jpg
1,10004336.jpg
1,10004337.jpg
1,10004338.jpg
1,10004339.jpg
1,10004340.jpg
1,10004341.jpg
1,10004342.jpg
1,10004343.jpg
1,10004344.jpg
1,10004345.jpg
1,10004346.jpg
1,10004347.jpg
1,10004348.jpg
1,10004349.jpg
1,10004350.jpg
1,10004351.jpg
1,10004352.jpg
1,10004353.jpg
1,10004354.jpg
1,10004355.jpg
1,10004356.jpg
1,10004357.jpg
1,10004358.jpg
1,10004359.jpg
1,10004360.jpg
1,10004361.jpg
1,10004362.jpg
1,10004363.jpg
1,10004364.jpg
1,10004365.jpg
1,10004366.jpg
1,10004367.jpg
1,10004368.jpg
1,10004369.jpg
1,10004370.jpg
1,10004371.jpg
1,10004372.jpg
1,10004373.jpg
1,10004374.jpg
1,10004375.jpg
1,10004376.jpg
1,10004377.jpg
1,10004378.jpg
1,10004379.jpg
1,10004380.jpg
1,10004381.jpg
1,10004382.jpg
1,10004383.jpg
1,10004384.jpg
1,10004385.jpg
1,10004386.jpg
1,10004387.jpg
1,10004388.jpg
1,10004389.jpg
1,10004390.jpg
1,10004391.jpg
1,10004392.jpg
1,10004393.jpg
1,10004394.jpg
1,10004395.jpg
1,10004396.jpg
1,10004397.jpg
1,10004398.jpg
1,10004399.jpg
1,10004400.jpg
1,10004401.jpg
1,10004402.jpg
1,10004403.jpg
1,10004404.jpg
1,10004405.jpg
1,10004406.jpg
1,10004407.jpg
1,10004408.jpg
1,10004409.jpg
1,10004410.jpg
1,10004411.jpg
1,10004412.jpg
1,10004413.jpg
1,10004414.jpg
1,10004415.jpg
1,10004416.jpg
1,10004417.jpg
1,10004418.jpg
1,10004419.jpg
1,10004420.jpg
1,10004421.jpg
1,10004422.jpg
1,10004423.jpg
1,10004424.jpg
1,10004425.jpg
1,10004426.jpg
1,10004427.jpg
1,10004428.jpg
1,10004429.jpg
1,10004430.jpg
1,10004431.jpg
1,10004432.jpg
1,10004433.jpg
1,10004434.jpg
1,10004435.jpg
1,10004436.jpg
1,10004437.jpg
1,10004438.jpg
1,10004439.jpg
1,10004440.jpg
1,10004441.jpg
1,10004442.jpg
1,10004443.jpg
1,10004444.jpg
1,10004445.jpg
1,10004446.jpg
1,10004447.jpg
1,10004448.jpg
1,10004449.jpg
1,10004450.jpg
1,10004451.jpg
1,10004452.jpg
1,10004453.jpg
1,10004454.jpg
1,10004455.jpg
1,10004456.jpg
1,10004457.jpg
1,10004458.jpg
1,10004459.jpg
1,10004460.jpg
1,10004461.jpg
1,10004462.jpg
1,10004463.jpg
1,10004464.jpg
1,10004465.jpg
1,10004466.jpg
1,10004467.jpg
1,10004468.jpg
1,10004469.jpg
1,10004470.jpg
1,10004471.jpg
1,10004472.jpg
1,10004473.jpg
1,10004474.jpg
1,10004475.jpg
1,10004476.jpg
1,10004477.jpg
1,10004478.jpg
1,10004479.jpg
1,10004480.jpg
1,10004481.jpg
1,10004482.jpg
1,10004483.jpg
1,10004484.jpg
1,10004485.jpg
1,10004486.jpg
1,10004487.jpg
1,10004488.jpg
1,10004489.jpg
1,10004490.jpg
1,10004491.jpg
1,10004492.jpg
1,10004493.jpg
1,10004494.jpg
1,10004495.jpg
1,10004496.jpg
1,10004497.jpg
1,10004498.jpg
1,10004499.jpg
1,10004500.jpg
1,10004501.jpg
1,10004502.jpg
1,10004503.jpg
1,10004504.jpg
1,10004505.jpg
1,10004506.jpg
1,10004507.jpg
1,10004508.jpg
1,10004509.jpg
1,10004510.jpg
1,10004511.jpg
1,10004512.jpg
1,10004513.jpg
1,10004514.jpg
1,10004515.jpg
1,10004516.jpg
1,10004517.jpg
1,10004518.jpg
1,10004519.jpg
1,10004520.jpg
1,10004521.jpg
1,10004522.jpg
1,10004523.jpg
1,10004524.jpg
1,10004525.jpg
1,10004526.jpg
1,10004527.jpg
1,10004528.jpg
1,10004529.jpg
1,10004530.jpg
1,10004531.jpg
1,10004532.jpg
1,10004533.jpg
1,10004534.jpg
1,10004535.jpg
1,10004536.jpg
1,10004537.jpg
1,10004538.jpg
1,10004539.jpg
1,10004540.jpg
1,10004541.jpg
1,10004542.jpg
1,10004543.jpg
1,10004544.jpg
1,10004545.jpg
1,10004546.jpg
1,10004547.jpg
1,10004548.jpg
1,10004549.jpg
1,10004550.jpg
1,10004551.jpg
1,10004552.jpg
1,10004553.jpg
1,10004554.jpg
1,10004555.jpg
1,10004556.jpg
1,10004557.jpg
1,10004558.jpg
1,10004559.jpg
1,10004560.jpg
1,10004561.jpg
1,10004562.jpg
1,10004563.jpg
1,10004564.jpg
1,10004565.jpg
1,10004566.jpg
1,10004567.jpg
1,10004568.jpg
1,10004569.jpg
1,10004570.jpg
1,10004571.jpg
1,10004572.jpg
1,10004573.jpg
1,10004574.jpg
1,10004575.jpg
1,10004576.jpg
1,10004577.jpg
1,10004578.jpg
1,10004579.jpg
1,10004580.jpg
1,10004581.jpg
1,10004582.jpg
1,10004583.jpg
1,10004584.jpg
1,10004585.jpg
1,10004586.jpg
1,10004587.jpg
1,10004588.jpg
1,10004589.jpg
1,10004590.jpg
1,10004591.jpg
1,10004592.jpg
1,10004593.jpg
1,10004594.jpg
1,10004595.jpg
1,10004596.jpg
1,10004597.jpg
1,10004598.jpg
1,10004599.jpg
1,10004600.jpg
1,10004601.jpg
1,10004602.jpg
1,10004603.jpg
1,10004604.jpg
1,10004605.jpg
1,10004606.jpg
1,10004607.jpg
1,10004608.jpg
1,10004609.jpg
1,10004610.jpg
1,10004611.jpg
1,10004612.jpg
1,10004613.jpg
1,10004614.jpg
1,10004615.jpg
1,10004616.jpg
1,10004617.jpg
1,10004618.jpg
1,10004619.jpg
1,10004620.jpg
1,10004621.jpg
1,10004622.jpg
1,10004623.jpg
1,10004624.jpg
1,10004625.jpg
1,10004626.jpg
1,10004627.jpg
1,10004628.jpg
1,10004629.jpg
1,10004630.jpg
1,10004631.jpg
1,10004632.jpg
1,10004633.jpg
1,10004634.jpg
1,10004635.jpg
1,10004636.jpg
1,10004637.jpg
1,10004638.jpg
1,10004639.jpg
1,10004640.jpg
1,10004641.jpg
1,10004642.jpg
1,10004643.jpg
1,10004644.jpg
1,10004645.jpg
1,10004646.jpg
1,10004647.jpg
1,10004648.jpg
1,10004649.jpg
1,10004650.jpg
1,10004651.jpg
1,10004652.jpg
1,10004653.jpg
1,10004654.jpg
1,10004655.jpg
1,10004656.jpg
1,10004657.jpg
1,10004658.jpg
1,10004659.jpg
1,10004660.jpg
1,10004661.jpg
1,10004662.jpg
1,10004663.jpg
1,10004664.jpg
1,10004665.jpg
1,10004666.jpg
1,10004667.jpg
1,10004668.jpg
1,10004669.jpg
1,10004670.jpg
1,10004671.jpg
1,10004672.jpg
1,10004673.jpg
1,10004674.jpg
1,10004675.jpg
1,10004676.jpg
1,10004677.jpg
1,10004678.jpg
1,10004679.jpg
1,10004680.jpg
1,10004681.jpg
1,10004682.jpg
1,10004683.jpg
1,10004684.jpg
1,10004685.jpg
1,10004686.jpg
1,10004687.jpg
1,10004688.jpg
1,10004689.jpg
1,10004690.jpg
1,10004691.jpg
1,10004692.jpg
1,10004693.jpg
1,10004694.jpg
1,10004695.jpg
1,10004696.jpg
1,10004697.jpg
1,10004698.jpg
1,10004699.jpg
1,10004700.jpg
1,10004701.jpg
1,10004702.jpg
1,10004703.jpg
1,10004704.jpg
1,10004705.jpg
1,10004706.jpg
1,10004707.jpg
1,10004708.jpg
1,10004709.jpg
1,10004710.jpg
1,10004711.jpg
1,10004712.jpg
1,10004713.jpg
1,10004714.jpg
1,10004715.jpg
1,10004716.jpg
1,10004717.jpg
1,10004718.jpg
1,10004719.jpg
1,10004720.jpg
1,10004721.jpg
1,10004722.jpg
1,10004723.jpg
1,10004724.jpg
1,10004725.jpg
1,10004726.jpg
1,10004727.jpg
1,10004728.jpg
1,10004729.jpg
1,10004730.jpg
1,10004731.jpg
1,10004732.jpg
1,10004733.jpg
1,10004734.jpg
1,10004735.jpg
1,10004736.jpg
1,10004737.jpg
1,10004738.jpg
1,10004739.jpg
1,10004740.jpg
1,10004741.jpg
1,10004742.jpg
1,10004743.jpg
1,10004744.jpg
1,10004745.jpg
1,10004746.jpg
1,10004747.jpg
1,10004748.jpg
1,10004749.jpg
1,10004750.jpg
1,10004751.jpg
1,10004752.jpg
1,10004753.jpg
1,10004754.jpg
1,10004755.jpg
1,10004756.jpg
1,10004757.jpg
1,10004758.jpg
1,10004759.jpg
1,10004760.jpg
1,10004761.jpg
1,10004762.jpg
1,10004763.jpg
1,10004764.jpg
1,10004765.jpg
1,10004766.jpg
1,10004767.jpg
1,10004768.jpg
1,10004769.jpg
1,10004770.jpg
1,10004771.jpg
1,10004772.jpg
1,10004773.jpg
1,10004774.jpg
1,10004775.jpg
1,10004776.jpg
1,10004777.jpg
1,10004778.jpg
1,10004779.jpg
1,10004780.jpg
1,10004781.jpg
1,10004782.jpg
1,10004783.jpg
1,10004784.jpg
1,10004785.jpg
1,10004786.jpg
1,10004787.jpg
1,10004788.jpg
1,10004789.jpg
1,10004790.jpg
1,10004791.jpg
1,10004792.jpg
1,10004793.jpg
1,10004794.jpg
1,10004795.jpg
1,10004796.jpg
1,10004797.jpg
1,10004798.jpg
1,10004799.jpg
1,10004800.jpg
1,10004801.jpg
1,10004802.jpg
1,10004803.jpg
1,10004804.jpg
1,10004805.jpg
1,10004806.jpg
1,10004807.jpg
1,10004808.jpg
1,10004809.jpg
1,10004810.jpg
1,10004811.jpg
1,10004812.jpg
1,10004813.jpg
1,10004814.jpg
1,10004815.jpg
1,10004816.jpg
1,10004817.jpg
1,10004818.jpg
1,10004819.jpg
1,10004820.jpg
1,10004821.jpg
1,10004822.jpg
1,10004823.jpg
1,10004824.jpg
1,10004825.jpg
1,10004826.jpg
1,10004827.jpg
1,10004828.jpg
1,10004829.jpg
1,10004830.jpg
1,10004831.jpg
1,10004832.jpg
1,10004833.jpg
1,10004834.jpg
1,10004835.jpg
1,10004836.jpg
1,10004837.jpg
1,10004838.jpg
1,10004839.jpg
1,10004840.jpg
1,10004841.jpg
1,10004842.jpg
1,10004843.jpg
1,10004844.jpg
1,10004845.jpg
1,10004846.jpg
1,10004847.jpg
1,10004848.jpg
1,10004849.jpg
1,10004850.jpg
1,10004851.jpg
1,10004852.jpg
1,10004853.jpg
1,10004854.jpg
1,10004855.jpg
1,10004856.jpg
1,10004857.jpg
1,10004858.jpg
1,10004859.jpg
1,10004860.jpg
1,10004861.jpg
1,10004862.jpg
1,10004863.jpg
1,10004864.jpg
1,10004865.jpg
1,10004866.jpg
1,10004867.jpg
1,10004868.jpg
1,10004869.jpg
1,10004870.jpg
1,10004871.jpg
1,10004872.jpg
1,10004873.jpg
1,10004874.jpg
1,10004875.jpg
1,10004876.jpg
1,10004877.jpg
1,10004878.jpg
1,10004879.jpg
1,10004880.jpg
1,10004881.jpg
1,10004882.jpg
1,10004883.jpg
1,10004884.jpg
1,10004885.jpg
1,10004886.jpg
1,10004887.jpg
1,10004888.jpg
1,10004889.jpg
1,10004890.jpg
1,10004891.jpg
1,10004892.jpg
1,10004893.jpg
1,10004894.jpg
1,10004895.jpg
1,10004896.jpg
1,10004897.jpg
1,10004898.jpg
1,10004899.jpg
1,10004900.jpg
1,10004901.jpg
1,10004902.jpg
1,10004903.jpg
1,10004904.jpg
1,10004905.jpg
1,10004906.jpg
1,10004907.jpg
1,10004908.jpg
1,10004909.jpg
1,10004910.jpg
1,10004911.jpg
1,10004912.jpg
1,10004913.jpg
1,10004914.jpg
1,10004915.jpg
1,10004916.jpg
1,10004917.jpg
1,10004918.jpg
1,10004919.jpg
1,10004920.jpg
1,10004921.jpg
1,10004922.jpg
1,10004923.jpg
1,10004924.jpg
1,10004925.jpg
1,10004926.jpg
1,10004927.jpg
1,10004928.jpg
1,10004929.jpg
1,10004930.jpg
1,10004931.jpg
1,10004932.jpg
1,10004933.jpg
1,10004934.jpg
1,10004935.jpg
1,10004936.jpg
1,10004937.jpg
1,10004938.jpg
1,10004939.jpg
1,10004940.jpg
1,10004941.jpg
1,10004942.jpg
1,10004943.jpg
1,10004944.jpg
1,10004945.jpg
1,10004946.jpg
1,10004947.jpg
1,10004948.jpg
1,10004949.jpg
1,10004950.jpg
1,10004951.jpg
1,10004952.jpg
1,10004953.jpg
1,10004954.jpg
1,10004955.jpg
1,10004956.jpg
1,10004957.jpg
1,10004958.jpg
1,10004959.jpg
1,10004960.jpg
1,10004961.jpg
1,10004962.jpg
1,10004963.jpg
1,10004964.jpg
1,10004965.jpg
1,10004966.jpg
1,10004967.jpg
1,10004968.jpg
0,20003865.jpg
0,20003866.jpg
0,20003867.jpg
0,20003868.jpg
0,20003869.jpg
0,20003870.jpg
0,20003871.jpg
0,20003872.jpg
0,20003873.jpg
0,20003874.jpg
0,20003875.jpg
0,20003876.jpg
0,20003877.jpg
0,20003878.jpg
0,20003879.jpg
0,20003880.jpg
0,20003881.jpg
0,20003882.jpg
0,20003883.jpg
0,20003884.jpg
0,20003885.jpg
0,20003886.jpg
0,20003887.jpg
0,20003888.jpg
0,20003889.jpg
0,20003890.jpg
0,20003891.jpg
0,20003892.jpg
0,20003893.jpg
0,20003894.jpg
0,20003895.jpg
0,20003896.jpg
0,20003897.jpg
0,20003898.jpg
0,20003899.jpg
0,20003900.jpg
0,20003901.jpg
0,20003902.jpg
0,20003903.jpg
0,20003904.jpg
0,20003905.jpg
0,20003906.jpg
0,20003907.jpg
0,20003908.jpg
0,20003909.jpg
0,20003910.jpg
0,20003911.jpg
0,20003912.jpg
0,20003913.jpg
0,20003914.jpg
0,20003915.jpg
0,20003916.jpg
0,20003917.jpg
0,20003918.jpg
0,20003919.jpg
0,20003920.jpg
0,20003921.jpg
0,20003922.jpg
0,20003923.jpg
0,20003924.jpg
0,20003925.jpg
0,20003926.jpg
0,20003927.jpg
0,20003928.jpg
0,20003929.jpg
0,20003930.jpg
0,20003931.jpg
0,20003932.jpg
0,20003933.jpg
0,20003934.jpg
0,20003935.jpg
0,20003936.jpg
0,20003937.jpg
0,20003938.jpg
0,20003939.jpg
0,20003940.jpg
0,20003941.jpg
0,20003942.jpg
0,20003943.jpg
0,20003944.jpg
0,20003945.jpg
0,20003946.jpg
0,20003947.jpg
0,20003948.jpg
0,20003949.jpg
0,20003950.jpg
0,20003951.jpg
0,20003952.jpg
0,20003953.jpg
0,20003954.jpg
0,20003955.jpg
0,20003956.jpg
0,20003957.jpg
0,20003958.jpg
0,20003959.jpg
0,20003960.jpg
0,20003961.jpg
0,20003962.jpg
0,20003963.jpg
0,20003964.jpg
0,20003965.jpg
0,20003966.jpg
0,20003967.jpg
0,20003968.jpg
0,20003969.jpg
0,20003970.jpg
0,20003971.jpg
0,20003972.jpg
0,20003973.jpg
0,20003974.jpg
0,20003975.jpg
0,20003976.jpg
0,20003977.jpg
0,20003978.jpg
0,20003979.jpg
0,20003980.jpg
0,20003981.jpg
0,20003982.jpg
0,20003983.jpg
0,20003984.jpg
0,20003985.jpg
0,20003986.jpg
0,20003987.jpg
0,20003988.jpg
0,20003989.jpg
0,20003990.jpg
0,20003991.jpg
0,20003992.jpg
0,20003993.jpg
0,20003994.jpg
0,20003995.jpg
0,20003996.jpg
0,20003997.jpg
0,20003998.jpg
0,20003999.jpg
0,20004000.jpg
0,20004001.jpg
0,20004002.jpg
0,20004003.jpg
0,20004004.jpg
0,20004005.jpg
0,20004006.jpg
0,20004007.jpg
0,20004008.jpg
0,20004009.jpg
0,20004010.jpg
0,20004011.jpg
0,20004012.jpg
0,20004013.jpg
0,20004014.jpg
0,20004015.jpg
0,20004016.jpg
0,20004017.jpg
0,20004018.jpg
0,20004019.jpg
0,20004020.jpg
0,20004021.jpg
0,20004022.jpg
0,20004023.jpg
0,20004024.jpg
0,20004025.jpg
0,20004026.jpg
0,20004027.jpg
0,20004028.jpg
0,20004029.jpg
0,20004030.jpg
0,20004031.jpg
0,20004032.jpg
0,20004033.jpg
0,20004034.jpg
0,20004035.jpg
0,20004036.jpg
0,20004037.jpg
0,20004038.jpg
0,20004039.jpg
0,20004040.jpg
0,20004041.jpg
0,20004042.jpg
0,20004043.jpg
0,20004044.jpg
0,20004045.jpg
0,20004046.jpg
0,20004047.jpg
0,20004048.jpg
0,20004049.jpg
0,20004050.jpg
0,20004051.jpg
0,20004052.jpg
0,20004053.jpg
0,20004054.jpg
0,20004055.jpg
0,20004056.jpg
0,20004057.jpg
0,20004058.jpg
0,20004059.jpg
0,20004060.jpg
0,20004061.jpg
0,20004062.jpg
0,20004063.jpg
0,20004064.jpg
0,20004065.jpg
0,20004066.jpg
0,20004067.jpg
0,20004068.jpg
0,20004069.jpg
0,20004070.jpg
0,20004071.jpg
0,20004072.jpg
0,20004073.jpg
0,20004074.jpg
0,20004075.jpg
0,20004076.jpg
0,20004077.jpg
0,20004078.jpg
0,20004079.jpg
0,20004080.jpg
0,20004081.jpg
0,20004082.jpg
0,20004083.jpg
0,20004084.jpg
0,20004085.jpg
0,20004086.jpg
0,20004087.jpg
0,20004088.jpg
0,20004089.jpg
0,20004090.jpg
0,20004091.jpg
0,20004092.jpg
0,20004093.jpg
0,20004094.jpg
0,20004095.jpg
0,20004096.jpg
0,20004097.jpg
0,20004098.jpg
0,20004099.jpg
0,20004100.jpg
0,20004101.jpg
0,20004102.jpg
0,20004103.jpg
0,20004104.jpg
0,20004105.jpg
0,20004106.jpg
0,20004107.jpg
0,20004108.jpg
0,20004109.jpg
0,20004110.jpg
0,20004111.jpg
0,20004112.jpg
0,20004113.jpg
0,20004114.jpg
0,20004115.jpg
0,20004116.jpg
0,20004117.jpg
0,20004118.jpg
0,20004119.jpg
0,20004120.jpg
0,20004121.jpg
0,20004122.jpg
0,20004123.jpg
0,20004124.jpg
0,20004125.jpg
0,20004126.jpg
0,20004127.jpg
0,20004128.jpg
0,20004129.jpg
0,20004130.jpg
0,20004131.jpg
0,20004132.jpg
0,20004133.jpg
0,20004134.jpg
0,20004135.jpg
0,20004136.jpg
0,20004137.jpg
0,20004138.jpg
0,20004139.jpg
0,20004140.jpg
0,20004141.jpg
0,20004142.jpg
0,20004143.jpg
0,20004144.jpg
0,20004145.jpg
0,20004146.jpg
0,20004147.jpg
0,20004148.jpg
0,20004149.jpg
0,20004150.jpg
0,20004151.jpg
0,20004152.jpg
0,20004153.jpg
0,20004154.jpg
0,20004155.jpg
0,20004156.jpg
0,20004157.jpg
0,20004158.jpg
0,20004159.jpg
0,20004160.jpg
0,20004161.jpg
0,20004162.jpg
0,20004163.jpg
0,20004164.jpg
0,20004165.jpg
0,20004166.jpg
0,20004167.jpg
0,20004168.jpg
0,20004169.jpg
0,20004170.jpg
0,20004171.jpg
0,20004172.jpg
0,20004173.jpg
0,20004174.jpg
0,20004175.jpg
0,20004176.jpg
0,20004177.jpg
0,20004178.jpg
0,20004179.jpg
0,20004180.jpg
0,20004181.jpg
0,20004182.jpg
0,20004183.jpg
0,20004184.jpg
0,20004185.jpg
0,20004186.jpg
0,20004187.jpg
0,20004188.jpg
0,20004189.jpg
0,20004190.jpg
0,20004191.jpg
0,20004192.jpg
0,20004193.jpg
0,20004194.jpg
0,20004195.jpg
0,20004196.jpg
0,20004197.jpg
0,20004198.jpg
0,20004199.jpg
0,20004200.jpg
0,20004201.jpg
0,20004202.jpg
0,20004203.jpg
0,20004204.jpg
0,20004205.jpg
0,20004206.jpg
0,20004207.jpg
0,20004208.jpg
0,20004209.jpg
0,20004210.jpg
0,20004211.jpg
0,20004212.jpg
0,20004213.jpg
0,20004214.jpg
0,20004215.jpg
0,20004216.jpg
0,20004217.jpg
0,20004218.jpg
0,20004219.jpg
0,20004220.jpg
0,20004221.jpg
0,20004222.jpg
0,20004223.jpg
0,20004224.jpg
0,20004225.jpg
0,20004226.jpg
0,20004227.jpg
0,20004228.jpg
0,20004229.jpg
0,20004230.jpg
0,20004231.jpg
0,20004232.jpg
0,20004233.jpg
0,20004234.jpg
0,20004235.jpg
0,20004236.jpg
0,20004237.jpg
0,20004238.jpg
0,20004239.jpg
0,20004240.jpg
0,20004241.jpg
0,20004242.jpg
0,20004243.jpg
0,20004244.jpg
0,20004245.jpg
0,20004246.jpg
0,20004247.jpg
0,20004248.jpg
0,20004249.jpg
0,20004250.jpg
0,20004251.jpg
0,20004252.jpg
0,20004253.jpg
0,20004254.jpg
0,20004255.jpg
0,20004256.jpg
0,20004257.jpg
0,20004258.jpg
0,20004259.jpg
0,20004260.jpg
0,20004261.jpg
0,20004262.jpg
0,20004263.jpg
0,20004264.jpg
0,20004265.jpg
0,20004266.jpg
0,20004267.jpg
0,20004268.jpg
0,20004269.jpg
0,20004270.jpg
0,20004271.jpg
0,20004272.jpg
0,20004273.jpg
0,20004274.jpg
0,20004275.jpg
0,20004276.jpg
0,20004277.jpg
0,20004278.jpg
0,20004279.jpg
0,20004280.jpg
0,20004281.jpg
0,20004282.jpg
0,20004283.jpg
0,20004284.jpg
0,20004285.jpg
0,20004286.jpg
0,20004287.jpg
0,20004288.jpg
0,20004289.jpg
0,20004290.jpg
0,20004291.jpg
0,20004292.jpg
0,20004293.jpg
0,20004294.jpg
0,20004295.jpg
0,20004296.jpg
0,20004297.jpg
0,20004298.jpg
0,20004299.jpg
0,20004300.jpg
0,20004301.jpg
0,20004302.jpg
0,20004303.jpg
0,20004304.jpg
0,20004305.jpg
0,20004306.jpg
0,20004307.jpg
0,20004308.jpg
0,20004309.jpg
0,20004310.jpg
0,20004311.jpg
0,20004312.jpg
0,20004313.jpg
0,20004314.jpg
0,20004315.jpg
0,20004316.jpg
0,20004317.jpg
0,20004318.jpg
0,20004319.jpg
0,20004320.jpg
0,20004321.jpg
0,20004322.jpg
0,20004323.jpg
0,20004324.jpg
0,20004325.jpg
0,20004326.jpg
0,20004327.jpg
0,20004328.jpg
0,20004329.jpg
0,20004330.jpg
0,20004331.jpg
0,20004332.jpg
0,20004333.jpg
0,20004334.jpg
0,20004335.jpg
0,20004336.jpg
0,20004337.jpg
0,20004338.jpg
0,20004339.jpg
0,20004340.jpg
0,20004341.jpg
0,20004342.jpg
0,20004343.jpg
0,20004344.jpg
0,20004345.jpg
0,20004346.jpg
0,20004347.jpg
0,20004348.jpg
0,20004349.jpg
0,20004350.jpg
0,20004351.jpg
0,20004352.jpg
0,20004353.jpg
0,20004354.jpg
0,20004355.jpg
0,20004356.jpg
0,20004357.jpg
0,20004358.jpg
0,20004359.jpg
0,20004360.jpg
0,20004361.jpg
0,20004362.jpg
0,20004363.jpg
0,20004364.jpg
0,20004365.jpg
0,20004366.jpg
0,20004367.jpg
0,20004368.jpg
0,20004369.jpg
0,20004370.jpg
0,20004371.jpg
0,20004372.jpg
0,20004373.jpg
0,20004374.jpg
0,20004375.jpg
0,20004376.jpg
0,20004377.jpg
0,20004378.jpg
0,20004379.jpg
0,20004380.jpg
0,20004381.jpg
0,20004382.jpg
0,20004383.jpg
0,20004384.jpg
0,20004385.jpg
0,20004386.jpg
0,20004387.jpg
0,20004388.jpg
0,20004389.jpg
0,20004390.jpg
0,20004391.jpg
0,20004392.jpg
0,20004393.jpg
0,20004394.jpg
0,20004395.jpg
0,20004396.jpg
0,20004397.jpg
0,20004398.jpg
0,20004399.jpg
0,20004400.jpg
0,20004401.jpg
0,20004402.jpg
0,20004403.jpg
0,20004404.jpg
0,20004405.jpg
0,20004406.jpg
0,20004407.jpg
0,20004408.jpg
0,20004409.jpg
0,20004410.jpg
0,20004411.jpg
0,20004412.jpg
0,20004413.jpg
0,20004414.jpg
0,20004415.jpg
0,20004416.jpg
0,20004417.jpg
0,20004418.jpg
0,20004419.jpg
0,20004420.jpg
0,20004421.jpg
0,20004422.jpg
0,20004423.jpg
0,20004424.jpg
0,20004425.jpg
0,20004426.jpg
0,20004427.jpg
0,20004428.jpg
0,20004429.jpg
0,20004430.jpg
0,20004431.jpg
0,20004432.jpg
0,20004433.jpg
0,20004434.jpg
0,20004435.jpg
0,20004436.jpg
0,20004437.jpg
0,20004438.jpg
0,20004439.jpg
0,20004440.jpg
0,20004441.jpg
0,20004442.jpg
0,20004443.jpg
0,20004444.jpg
0,20004445.jpg
0,20004446.jpg
0,20004447.jpg
0,20004448.jpg
0,20004449.jpg
0,20004450.jpg
0,20004451.jpg
0,20004452.jpg
0,20004453.jpg
0,20004454.jpg
0,20004455.jpg
0,20004456.jpg
0,20004457.jpg
0,20004458.jpg
0,20004459.jpg
0,20004460.jpg
0,20004461.jpg
0,20004462.jpg
0,20004463.jpg
0,20004464.jpg
0,20004465.jpg
0,20004466.jpg
0,20004467.jpg
0,20004468.jpg
0,20004469.jpg
0,20004470.jpg
0,20004471.jpg
0,20004472.jpg
0,20004473.jpg
0,20004474.jpg
0,20004475.jpg
0,20004476.jpg
0,20004477.jpg
0,20004478.jpg
0,20004479.jpg
0,20004480.jpg
0,20004481.jpg
0,20004482.jpg
0,20004483.jpg
0,20004484.jpg
0,20004485.jpg
0,20004486.jpg
0,20004487.jpg
0,20004488.jpg
0,20004489.jpg
0,20004490.jpg
0,20004491.jpg
0,20004492.jpg
0,20004493.jpg
0,20004494.jpg
0,20004495.jpg
0,20004496.jpg
0,20004497.jpg
0,20004498.jpg
0,20004499.jpg
0,20004500.jpg
0,20004501.jpg
0,20004502.jpg
0,20004503.jpg
0,20004504.jpg
0,20004505.jpg
0,20004506.jpg
0,20004507.jpg
0,20004508.jpg
0,20004509.jpg
0,20004510.jpg
0,20004511.jpg
0,20004512.jpg
0,20004513.jpg
0,20004514.jpg
0,20004515.jpg
0,20004516.jpg
0,20004517.jpg
0,20004518.jpg
0,20004519.jpg
0,20004520.jpg
0,20004521.jpg
0,20004522.jpg
0,20004523.jpg
0,20004524.jpg
0,20004525.jpg
0,20004526.jpg
0,20004527.jpg
0,20004528.jpg
0,20004529.jpg
0,20004530.jpg
0,20004531.jpg
0,20004532.jpg
0,20004533.jpg
0,20004534.jpg
0,20004535.jpg
0,20004536.jpg
0,20004537.jpg
0,20004538.jpg
0,20004539.jpg
0,20004540.jpg
0,20004541.jpg
0,20004542.jpg
0,20004543.jpg
0,20004544.jpg
0,20004545.jpg
0,20004546.jpg
0,20004547.jpg
0,20004548.jpg
0,20004549.jpg
0,20004550.jpg
0,20004551.jpg
0,20004552.jpg
0,20004553.jpg
0,20004554.jpg
0,20004555.jpg
0,20004556.jpg
0,20004557.jpg
0,20004558.jpg
0,20004559.jpg
0,20004560.jpg
0,20004561.jpg
0,20004562.jpg
0,20004563.jpg
0,20004564.jpg
0,20004565.jpg
0,20004566.jpg
0,20004567.jpg
0,20004568.jpg
0,20004569.jpg
0,20004570.jpg
0,20004571.jpg
0,20004572.jpg
0,20004573.jpg
0,20004574.jpg
0,20004575.jpg
0,20004576.jpg
0,20004577.jpg
0,20004578.jpg
0,20004579.jpg
0,20004580.jpg
0,20004581.jpg
0,20004582.jpg
0,20004583.jpg
0,20004584.jpg
0,20004585.jpg
0,20004586.jpg
0,20004587.jpg
0,20004588.jpg
0,20004589.jpg
0,20004590.jpg
0,20004591.jpg
0,20004592.jpg
0,20004593.jpg
0,20004594.jpg
0,20004595.jpg
0,20004596.jpg
0,20004597.jpg
0,20004598.jpg
0,20004599.jpg
0,20004600.jpg
0,20004601.jpg
0,20004602.jpg
0,20004603.jpg
0,20004604.jpg
0,20004605.jpg
0,20004606.jpg
0,20004607.jpg
0,20004608.jpg
0,20004609.jpg
0,20004610.jpg
0,20004611.jpg
0,20004612.jpg
0,20004613.jpg
0,20004614.jpg
0,20004615.jpg
0,20004616.jpg
0,20004617.jpg
0,20004618.jpg
0,20004619.jpg
0,20004620.jpg
0,20004621.jpg
0,20004622.jpg
0,20004623.jpg
0,20004624.jpg
0,20004625.jpg
0,20004626.jpg
0,20004627.jpg
0,20004628.jpg
0,20004629.jpg
0,20004630.jpg
0,20004631.jpg
0,20004632.jpg
0,20004633.jpg
0,20004634.jpg
0,20004635.jpg
0,20004636.jpg
0,20004637.jpg
0,20004638.jpg
0,20004639.jpg
0,20004640.jpg
0,20004641.jpg
0,20004642.jpg
0,20004643.jpg
0,20004644.jpg
0,20004645.jpg
0,20004646.jpg
0,20004647.jpg
0,20004648.jpg
0,20004649.jpg
0,20004650.jpg
0,20004651.jpg
0,20004652.jpg
0,20004653.jpg
0,20004654.jpg
0,20004655.jpg
0,20004656.jpg
0,20004657.jpg
0,20004658.jpg
0,20004659.jpg
0,20004660.jpg
0,20004661.jpg
0,20004662.jpg
0,20004663.jpg
0,20004664.jpg
0,20004665.jpg
0,20004666.jpg
0,20004667.jpg
0,20004668.jpg
0,20004669.jpg
0,20004670.jpg
0,20004671.jpg
0,20004672.jpg
0,20004673.jpg
0,20004674.jpg
0,20004675.jpg
0,20004676.jpg
0,20004677.jpg
0,20004678.jpg
0,20004679.jpg
0,20004680.jpg
0,20004681.jpg
0,20004682.jpg
0,20004683.jpg
0,20004684.jpg
0,20004685.jpg
0,20004686.jpg
0,20004687.jpg
0,20004688.jpg
0,20004689.jpg
0,20004690.jpg
0,20004691.jpg
0,20004692.jpg
0,20004693.jpg
0,20004694.jpg
0,20004695.jpg
0,20004696.jpg
0,20004697.jpg
0,20004698.jpg
0,20004699.jpg
0,20004700.jpg
0,20004701.jpg
0,20004702.jpg
0,20004703.jpg
0,20004704.jpg
0,20004705.jpg
0,20004706.jpg
0,20004707.jpg
0,20004708.jpg
0,20004709.jpg
0,20004710.jpg
0,20004711.jpg
0,20004712.jpg
0,20004713.jpg
0,20004714.jpg
0,20004715.jpg
0,20004716.jpg
0,20004717.jpg
0,20004718.jpg
0,20004719.jpg
0,20004720.jpg
0,20004721.jpg
0,20004722.jpg
0,20004723.jpg
0,20004724.jpg
0,20004725.jpg
0,20004726.jpg
0,20004727.jpg
0,20004728.jpg
0,20004729.jpg
0,20004730.jpg
0,20004731.jpg
0,20004732.jpg
0,20004733.jpg
0,20004734.jpg
0,20004735.jpg
0,20004736.jpg
0,20004737.jpg
0,20004738.jpg
0,20004739.jpg
0,20004740.jpg
0,20004741.jpg
0,20004742.jpg
0,20004743.jpg
0,20004744.jpg
0,20004745.jpg
0,20004746.jpg
0,20004747.jpg
0,20004748.jpg
0,20004749.jpg
0,20004750.jpg
0,20004751.jpg
0,20004752.jpg
0,20004753.jpg
0,20004754.jpg
0,20004755.jpg
0,20004756.jpg
0,20004757.jpg
0,20004758.jpg
0,20004759.jpg
0,20004760.jpg
0,20004761.jpg
0,20004762.jpg
0,20004763.jpg
0,20004764.jpg
0,20004765.jpg
0,20004766.jpg
0,20004767.jpg
0,20004768.jpg
0,20004769.jpg
0,20004770.jpg
0,20004771.jpg
0,20004772.jpg
0,20004773.jpg
0,20004774.jpg
0,20004775.jpg
0,20004776.jpg
0,20004777.jpg
0,20004778.jpg
0,20004779.jpg
0,20004780.jpg
0,20004781.jpg
0,20004782.jpg
0,20004783.jpg
0,20004784.jpg
0,20004785.jpg
0,20004786.jpg
0,20004787.jpg
0,20004788.jpg
0,20004789.jpg
0,20004790.jpg
0,20004791.jpg
0,20004792.jpg
0,20004793.jpg
0,20004794.jpg
0,20004795.jpg
0,20004796.jpg
0,20004797.jpg
0,20004798.jpg
0,20004799.jpg
0,20004800.jpg
0,20004801.jpg
0,20004802.jpg
0,20004803.jpg
0,20004804.jpg
0,20004805.jpg
0,20004806.jpg
0,20004807.jpg
0,20004808.jpg
0,20004809.jpg
0,20004810.jpg
0,20004811.jpg
0,20004812.jpg
0,20004813.jpg
0,20004814.jpg
0,20004815.jpg
0,20004816.jpg
0,20004817.jpg
0,20004818.jpg
0,20004819.jpg
0,20004820.jpg
0,20004821.jpg
0,20004822.jpg
0,20004823.jpg
0,20004824.jpg
0,20004825.jpg
0,20004826.jpg
0,20004827.jpg
0,20004828.jpg
0,20004829.jpg
0,20004830.jpg
0,20004831.jpg
0,20004832.jpg
0,20004833.jpg
0,20004834.jpg
0,20004835.jpg
0,20004836.jpg
0,20004837.jpg
0,20004838.jpg
0,20004839.jpg
0,20004840.jpg
0,20004841.jpg
0,20004842.jpg
0,20004843.jpg
0,20004844.jpg
0,20004845.jpg
0,20004846.jpg
0,20004847.jpg
0,20004848.jpg
0,20004849.jpg
0,20004850.jpg
0,20004851.jpg
0,20004852.jpg
0,20004853.jpg
0,20004854.jpg
0,20004855.jpg
0,20004856.jpg
0,20004857.jpg
0,20004858.jpg
0,20004859.jpg
0,20004860.jpg
0,20004861.jpg
0,20004862.jpg
0,20004863.jpg
0,20004864.jpg
0,20004865.jpg
0,20004866.jpg
0,20004867.jpg
0,20004868.jpg
0,20004869.jpg
0,20004870.jpg
0,20004871.jpg
0,20004872.jpg
0,20004873.jpg
0,20004874.jpg
0,20004875.jpg
0,20004876.jpg
0,20004877.jpg
0,20004878.jpg
0,20004879.jpg
0,20004880.jpg
0,20004881.jpg
0,20004882.jpg
0,20004883.jpg
0,20004884.jpg
0,20004885.jpg
0,20004886.jpg
0,20004887.jpg
0,20004888.jpg
0,20004889.jpg
0,20004890.jpg
0,20004891.jpg
0,20004892.jpg
0,20004893.jpg
0,20004894.jpg
0,20004895.jpg
0,20004896.jpg
0,20004897.jpg
0,20004898.jpg
0,20004899.jpg
0,20004900.jpg
0,20004901.jpg
0,20004902.jpg
0,20004903.jpg
0,20004904.jpg
0,20004905.jpg
0,20004906.jpg
0,20004907.jpg
0,20004908.jpg
0,20004909.jpg
0,20004910.jpg
0,20004911.jpg
0,20004912.jpg
0,20004913.jpg
0,20004914.jpg
0,20004915.jpg
0,20004916.jpg
0,20004917.jpg
0,20004918.jpg
0,20004919.jpg
0,20004920.jpg
0,20004921.jpg
0,20004922.jpg
0,20004923.jpg
0,20004924.jpg
0,20004925.jpg
0,20004926.jpg
0,20004927.jpg
0,20004928.jpg
0,20004929.jpg
0,20004930.jpg
0,20004931.jpg
0,20004932.jpg
0,20004933.jpg
0,20004934.jpg
0,20004935.jpg
0,20004936.jpg
0,20004937.jpg
0,20004938.jpg
0,20004939.jpg
0,20004940.jpg
0,20004941.jpg
0,20004942.jpg
0,20004943.jpg
0,20004944.jpg
0,20004945.jpg
0,20004946.jpg
0,20004947.jpg
0,20004948.jpg
0,20004949.jpg
0,20004950.jpg
0,20004951.jpg
0,20004952.jpg
0,20004953.jpg
0,20004954.jpg
0,20004955.jpg
0,20004956.jpg
0,20004957.jpg
0,20004958.jpg
0,20004959.jpg
0,20004960.jpg
0,20004961.jpg
0,20004962.jpg
0,20004963.jpg
0,20004964.jpg
0,20004965.jpg
0,20004966.jpg
0,20004967.jpg
0,20004968.jpg